{"Display Name Change": [{"Date": "2017-03-10 22:31:12 UTC", "Display Name": "Roberto Castellanos"}], "Email Change": [], "Mobile Number Change": [{"Date": "2017-03-10 22:32:33 UTC", "Mobile Number": "+17606044058"}], "Password Change": [{"Date": "2018-09-06 23:48:38 UTC"}, {"Date": "2018-08-04 23:46:28 UTC"}, {"Date": "2018-05-04 21:11:35 UTC"}, {"Date": "2018-02-02 03:44:52 UTC"}], "Snapchat Linked to Bitmoji": [], "Spectacles": [], "Two-Factor Authentication": [], "Account deactivated / reactivated": []}