{"Basic Information": {"Username": "rcastellanos326", "Name": "Roberto Castellanos", "Creation Date": "2017-03-10 22:31:11 UTC"}, "Device Information": {"Make": "", "Model ID": "", "Model Name": "", "User Agent": "", "Language": "", "OS Type": "", "OS Version": "", "Connection Type": ""}, "Device History": [], "Privacy Policy and Terms of Service Acceptance History": [], "Custom Creative Tools Terms": [], "Login History": [{"IP": "2605:e000:fcc6:7400:e17c:5dc1:e85a:335b", "Country": "US", "Created": "2018-09-06 23:49:11 UTC", "Status": "success", "Device": "Mozilla/5.0 (iPhone; CPU iPhone OS 11_4_1 like Mac OS X) AppleWebKit/605.1.15 (KHTML, like Gecko) Mobile/15G77"}, {"IP": "2605:e000:fcc6:7400:e17c:5dc1:e85a:335b", "Country": "US", "Created": "2018-09-06 23:49:11 UTC", "Status": "success", "Device": "Mozilla/5.0 (iPhone; CPU iPhone OS 11_4_1 like Mac OS X) AppleWebKit/605.1.15 (KHTML, like Gecko) Mobile/15G77"}, {"IP": "2605:e000:fcc6:7400:74b0:fbe2:68cd:80c1", "Country": "US", "Created": "2018-08-05 00:00:02 UTC", "Status": "success", "Device": "Mozilla/5.0 (iPhone; CPU iPhone OS 11_4_1 like Mac OS X) AppleWebKit/605.1.15 (KHTML, like Gecko) Version/11.0 Mobile/15E148 Safari/604.1"}, {"IP": "2605:e000:fcc6:7400:74b0:fbe2:68cd:80c1", "Country": "US", "Created": "2018-08-05 00:00:01 UTC", "Status": "success", "Device": "Mozilla/5.0 (iPhone; CPU iPhone OS 11_4_1 like Mac OS X) AppleWebKit/605.1.15 (KHTML, like Gecko) Version/11.0 Mobile/15E148 Safari/604.1"}, {"IP": "2605:e000:fcc6:7400:74b0:fbe2:68cd:80c1", "Country": "US", "Created": "2018-08-04 23:56:53 UTC", "Status": "success", "Device": "Mozilla/5.0 (iPhone; CPU iPhone OS 11_4_1 like Mac OS X) AppleWebKit/605.1.15 (KHTML, like Gecko) Mobile/15G77"}, {"IP": "2605:e000:fcc6:7400:74b0:fbe2:68cd:80c1", "Country": "US", "Created": "2018-08-04 23:56:53 UTC", "Status": "success", "Device": "Mozilla/5.0 (iPhone; CPU iPhone OS 11_4_1 like Mac OS X) AppleWebKit/605.1.15 (KHTML, like Gecko) Mobile/15G77"}, {"IP": "2605:e000:fcc6:7400:5c85:76e1:28fb:c6d6", "Country": "US", "Created": "2018-05-04 21:11:51 UTC", "Status": "success", "Device": "Snapchat/10.30.1.1 (iPhone8,2; iOS 11.3.1; gzip)"}]}