{"Frequent Locations": [{"City": "indio", "Country": "usa", "Region": "ca"}, {"City": "indio", "Country": "usa", "Region": "ca"}], "Latest Location": [{"City": "indio", "Country": "usa", "Region": "ca"}], "Home & Work": {}, "Daily Top Locations": [], "Top Locations Per Six-Day Period": [], "Locations You Have Visited": [{"Time": "2018/08/06 23:24:19 UTC", "Latitude, Longitude": "33.701 \u00b1 39.66 meters, -116.232 \u00b1 39.66 meters"}, {"Time": "2018/08/06 23:24:20 UTC", "Latitude, Longitude": "33.701 \u00b1 39.66 meters, -116.231 \u00b1 39.66 meters"}, {"Time": "2018/08/06 23:25:01 UTC", "Latitude, Longitude": "33.702 \u00b1 39.66 meters, -116.231 \u00b1 39.66 meters"}, {"Time": "2018/08/06 23:26:01 UTC", "Latitude, Longitude": "33.702 \u00b1 39.66 meters, -116.232 \u00b1 39.66 meters"}]}