{"App Profile": {"Country": "", "Creation Time": "", "Account Creation Country": "US", "Platform Version": "IOS", "Phone Locale": "en_US"}, "Demographics": {"Cohort Age": "", "Gender": ""}, "Subscriptions": [], "Engagement": [{"Event": "Application Opens", "Occurrences": 12}, {"Event": "Chats Viewed", "Occurrences": 2}, {"Event": "Chats Sent", "Occurrences": 3}], "Discover Channels Viewed": [], "Ads You Interacted With": [{"Advertiser Name": "The Advertising Council Inc", "Date": "2017-08-29"}, {"Advertiser Name": "Kellogg Company", "Date": "2017-09-09"}, {"Advertiser Name": "Verizon Communications Inc.", "Date": "2017-09-10"}, {"Advertiser Name": "The Cw Network LLC", "Date": "2017-10-11"}, {"Advertiser Name": "Lions Gate Entertainment Inc.", "Date": "2017-10-13"}, {"Advertiser Name": "Lions Gate Entertainment Inc.", "Date": "2017-11-13"}], "Interest Categories": ["Quick & Easy Food Shoppers", "Car Insurance Shoppers", "Home Owners", "Healthy Food Shoppers", "Candy Consumers (Chocolate)", "Grocery Shoppers", "Soft Drink Shoppers", "Home Cooking & Grilling Shoppers", "Sports Drink Shoppers", "International Cuisine Shoppers", "Home & Garden Shoppers", "Moneyminders", "Travelers", "Theme Park Visitors"], "Geographic Information": [], "Interactions": {"Web Interactions": ["dominos.com", "capitalone.com", "kohls.com", "yelp.com"], "App Interactions": ["https://itunes.apple.com/us/app/id336353151", "https://itunes.apple.com/us/app/id507874739", "https://itunes.apple.com/us/app/id300704847", "https://itunes.apple.com/us/app/id477128284", "https://itunes.apple.com/us/app/id547702041", "https://itunes.apple.com/us/app/id324684580", "https://itunes.apple.com/us/app/id284847138", "https://itunes.apple.com/us/app/id512106648", "https://itunes.apple.com/us/app/id484725748", "https://itunes.apple.com/us/app/id368217298", "https://itunes.apple.com/us/app/id447188370", "https://itunes.apple.com/us/app/id389781154", "https://itunes.apple.com/us/app/id317469184", "https://itunes.apple.com/us/app/id290638154", "https://itunes.apple.com/us/app/id972909677", "https://itunes.apple.com/us/app/id510855668", "https://itunes.apple.com/us/app/id284876795", "https://itunes.apple.com/us/app/id429009175", "https://itunes.apple.com/us/app/id389801252", "https://itunes.apple.com/us/app/id338137227", "https://itunes.apple.com/us/app/id1094591345"]}}